University,PCP-14,PCP,,,,,,,
California Institute of Technology,100,100,,,0,0,0,,0
Harvard University,75.3,76.6,,,-1.3,-0.0172642762,0.0002980552,,0.0172642762
Princeton University,68.1,70.3,,,-2.2,-0.0323054332,0.001043641,,0.0323054332
Massachusetts Institute of Technology (MIT),67.1,68,,,-0.9,-0.0134128167,0.0001799037,,0.0134128167
Ecole Normale Superieure - Paris,59.8,60.5,,,-0.7,-0.0117056856,0.0001370231,,0.0117056856
Scuola Normale Superiore - Pisa,58.9,57.2,,,1.7,0.0288624788,0.0008330427,,0.0288624788
"University of California, Berkeley",55.9,56.5,,,-0.6,-0.0107334526,0.000115207,,0.0107334526
University of Cambridge,55.2,55.8,,,-0.6,-0.0108695652,0.0001181474,,0.0108695652
Stanford University,51.9,53.8,,,-1.9,-0.0366088632,0.0013402089,,0.0366088632
Swiss Federal Institute of Technology Zurich,45.8,46.3,,,-0.5,-0.0109170306,0.0001191816,,0.0109170306
University of Oxford,43,43.1,,,-0.1,-0.0023255814,5.4083288263928E-006,,0.0023255814
University of Chicago,41.5,42,,,-0.5,-0.0120481928,0.0001451589,,0.0120481928
Cornell University,39.7,40.2,,,-0.5,-0.0125944584,0.0001586204,,0.0125944584
Rockefeller University,38.9,39.6,,,-0.7,-0.0179948586,0.0003238149,,0.0179948586
Stockholm School of Economics,37.9,39.4,,,-1.5,-0.0395778364,0.0015664051,,0.0395778364
University of Copenhagen,36.2,39.2,,,-3,-0.0828729282,0.0068679222,,0.0828729282
Swiss Federal Institute of Technology Lausanne,38.6,38.4,,,0.2,0.0051813472,2.68463582914985E-005,,0.0051813472
"The Imperial College of Science, Technology and Medicine",38,38,,,0,0,0,,0
"University of California, Santa Barbara",36.9,38,,,-1.1,-0.0298102981,0.0008886539,,0.0298102981
Yale University,37.7,37.8,,,-0.1,-0.0026525199,7.03586178753025E-006,,0.0026525199
"University of California, Santa Cruz",37.3,37.6,,,-0.3,-0.0080428954,6.4688167096725E-005,,0.0080428954
University of Pennsylvania,37.3,37.4,,,-0.1,-0.0026809651,7.18757412185834E-006,,0.0026809651
Karolinska Institute,37,37.4,,,-0.4,-0.0108108108,0.0001168736,,0.0108108108
"University of California, San Diego",36.5,36.6,,,-0.1,-0.002739726,7.50609870519819E-006,,0.002739726
University of Basel,34.4,35,,,-0.6,-0.0174418605,0.0003042185,,0.0174418605
"University of California, San Francisco",34.9,34.9,,,0,0,0,,0
Catholic University of Korea,34.8,34.8,,,0,0,0,,0
Ghent University,33.9,34.5,,,-0.6,-0.017699115,0.0003132587,,0.017699115
Carnegie Mellon University,34,34.4,,,-0.4,-0.0117647059,0.0001384083,,0.0117647059
Rice University,34.6,34.3,,,0.3,0.0086705202,7.51779210798912E-005,,0.0086705202
University of Colorado at Boulder,34.8,34.2,,,0.6,0.0172413793,0.0002972652,,0.0172413793
Heidelberg University,32.2,34.2,,,-2,-0.0621118012,0.0038578759,,0.0621118012
VU University Amsterdam,32.6,33.3,,,-0.7,-0.0214723926,0.0004610636,,0.0214723926
Columbia University,33.1,33.2,,,-0.1,-0.003021148,9.12733545696031E-006,,0.003021148
University of Wageningen,32.1,33,,,-0.9,-0.0280373832,0.0007860949,,0.0280373832
Leiden University,33.3,32.9,,,0.4,0.012012012,0.0001442884,,0.012012012
Brown University,32.6,32.8,,,-0.2,-0.0061349693,3.76378486205712E-005,,0.0061349693
University of Groningen,32,32.7,,,-0.7,-0.021875,0.0004785156,,0.021875
University College London,31.5,32.7,,,-1.2,-0.0380952381,0.0014512472,,0.0380952381
University of Munich,32.1,32.6,,,-0.5,-0.015576324,0.0002426219,,0.015576324
The University of Texas M. D. Anderson Cancer Center,32.2,32.4,,,-0.2,-0.0062111801,3.85787585355487E-005,,0.0062111801
Technical University Munich,31.2,32.3,,,-1.1,-0.0352564103,0.0012430145,,0.0352564103
Radboud University Nijmegen,32.1,32.2,,,-0.1,-0.0031152648,9.70487475859152E-006,,0.0031152648
National University of Singapore,30.9,32.2,,,-1.3,-0.0420711974,0.0017699857,,0.0420711974
Pohang University of Science and Technology,32.6,31.9,,,0.7,0.0214723926,0.0004610636,,0.0214723926
"University of California, Los Angeles",31.7,31.6,,,0.1,0.0031545741,9.95133795738795E-006,,0.0031545741
Moscow State University,30.7,31.3,,,-0.6,-0.0195439739,0.0003819669,,0.0195439739
University of Helsinki,29.6,31.3,,,-1.7,-0.0574324324,0.0032984843,,0.0574324324
Aarhus University,29.8,31,,,-1.2,-0.0402684564,0.0016215486,,0.0402684564
Ecole Normale Superieure - Lyon,28.4,30.5,,,-2.1,-0.073943662,0.0054676651,,0.073943662
KU Leuven,29.1,30.4,,,-1.3,-0.0446735395,0.0019957251,,0.0446735395
The University of Melbourne,29.7,30.2,,,-0.5,-0.0168350168,0.0002834178,,0.0168350168
Nanjing Medical University,26.3,29.7,,,-3.4,-0.1292775665,0.0167126892,,0.1292775665
Mayo Medical School,28.6,29.5,,,-0.9,-0.0314685315,0.0009902685,,0.0314685315
University of Geneva,28.3,29.4,,,-1.1,-0.038869258,0.0015108192,,0.038869258
University of Toronto,29.6,29.3,,,0.3,0.0101351351,0.000102721,,0.0101351351
University of Bristol,29.5,29.3,,,0.2,0.006779661,4.59638035047397E-005,,0.006779661
University of Washington,29,29.3,,,-0.3,-0.0103448276,0.0001070155,,0.0103448276
ESPCI ParisTech,28.9,29.3,,,-0.4,-0.0138408304,0.0001915686,,0.0138408304
The University of Queensland,27.8,29.3,,,-1.5,-0.0539568345,0.00291134,,0.0539568345
The Australian National University,29.1,29.1,,,0,0,0,,0
The Hebrew University of Jerusalem,27.8,29.1,,,-1.3,-0.0467625899,0.0021867398,,0.0467625899
The University of Western Australia,28.4,28.9,,,-0.5,-0.0176056338,0.0003099583,,0.0176056338
The University of Tokyo,29.2,28.8,,,0.4,0.0136986301,0.0001876525,,0.0136986301
Johns Hopkins University,28.7,28.8,,,-0.1,-0.0034843206,1.21404897473568E-005,,0.0034843206
Northwestern University,28.7,28.8,,,-0.1,-0.0034843206,1.21404897473568E-005,,0.0034843206
Korea Advanced Institute of Science and Technology,28.8,28.7,,,0.1,0.0034722222,1.20563271604942E-005,,0.0034722222
London School of Economics and Political Science,28,28.7,,,-0.7,-0.025,0.000625,,0.025
University of Illinois at Urbana-Champaign,28.5,28.6,,,-0.1,-0.0035087719,1.23114804555251E-005,,0.0035087719
University of Amsterdam,28,28.2,,,-0.2,-0.0071428571,5.10204081632649E-005,,0.0071428571
Technion-Israel Institute of Technology,27.1,28.2,,,-1.1,-0.0405904059,0.0016475811,,0.0405904059
Georgia Institute of Technology,28,28.1,,,-0.1,-0.0035714286,1.27551020408167E-005,,0.0035714286
Aix Marseille University,26.5,27.6,,,-1.1,-0.041509434,0.0017230331,,0.041509434
"University of California, Riverside",28.2,27.5,,,0.7,0.024822695,0.0006161662,,0.024822695
"University of California, Irvine",27.8,27.5,,,0.3,0.0107913669,0.0001164536,,0.0107913669
Thomas Jefferson University,27.9,27.1,,,0.8,0.0286738351,0.0008221888,,0.0286738351
University of Otago,27.2,27.1,,,0.1,0.0036764706,1.35164359861586E-005,,0.0036764706
Uppsala University,26.7,27.1,,,-0.4,-0.0149812734,0.0002244386,,0.0149812734
Catholic University of Louvain,29.1,26.9,,,2.2,0.0756013746,0.0057155678,,0.0756013746
Utrecht University,27,26.9,,,0.1,0.0037037037,1.37174211248289E-005,,0.0037037037
University of Bern,26.5,26.9,,,-0.4,-0.0150943396,0.0002278391,,0.0150943396
University of Oslo,25.9,26.9,,,-1,-0.0386100386,0.0014907351,,0.0386100386
University of Antwerp,26.5,26.8,,,-0.3,-0.0113207547,0.0001281595,,0.0113207547
McGill University,26.2,26.8,,,-0.6,-0.0229007634,0.000524445,,0.0229007634
University of Warwick,21.9,26.8,,,-4.9,-0.2237442922,0.0500615083,,0.2237442922
University of Paris Sud (Paris 11),26.5,26.6,,,-0.1,-0.0037735849,1.42399430402282E-005,,0.0037735849
The University of Texas at Austin,26,26.6,,,-0.6,-0.0230769231,0.0005325444,,0.0230769231
"University of Maryland, College Park",26,26.5,,,-0.5,-0.0192307692,0.0003698225,,0.0192307692
Erasmus University,26.4,26.4,,,0,0,0,,0
University of Sussex,25.6,26.4,,,-0.8,-0.03125,0.0009765625,,0.03125
Tel Aviv University,24.9,26.4,,,-1.5,-0.0602409639,0.0036289737,,0.0602409639
"University of Minnesota, Twin Cities",26.2,26.2,,,0,0,0,,0
Nanyang Technological University,25,26.2,,,-1.2,-0.048,0.002304,,0.048
Washington University in St. Louis,26.1,26,,,0.1,0.0038314176,1.46797610134911E-005,,0.0038314176
"University of California, Davis",26.1,26,,,0.1,0.0038314176,1.46797610134911E-005,,0.0038314176
The University of Edinburgh,25.8,25.9,,,-0.1,-0.003875969,1.50231356288678E-005,,0.003875969
University of Bonn,25.2,25.9,,,-0.7,-0.0277777778,0.0007716049,,0.0277777778
Tufts University,25.6,25.7,,,-0.1,-0.00390625,1.52587890624993E-005,,0.00390625
The University of Adelaide,24.5,25.7,,,-1.2,-0.0489795918,0.0023990004,,0.0489795918
The University of Manchester,25.9,25.6,,,0.3,0.0115830116,0.0001341662,,0.0115830116
University of Michigan-Ann Arbor,25.6,25.6,,,0,0,0,,0
University of North Carolina at Chapel Hill,25.6,25.6,,,0,0,0,,0
Stockholm University,25.3,25.6,,,-0.3,-0.0118577075,0.0001406052,,0.0118577075
King's College London,24.9,25.6,,,-0.7,-0.0281124498,0.0007903098,,0.0281124498
University of Goettingen,24.7,25.6,,,-0.9,-0.036437247,0.001327673,,0.036437247
Monash University,25.1,25.5,,,-0.4,-0.015936255,0.0002539642,,0.015936255
University of Science and Technology of China,23.9,25.5,,,-1.6,-0.0669456067,0.0044817143,,0.0669456067
University of Zurich,25.1,25.4,,,-0.3,-0.0119521912,0.0001428549,,0.0119521912
University of Frankfurt,24.7,25.3,,,-0.6,-0.024291498,0.0005900769,,0.024291498
University of Sydney,24.7,25.3,,,-0.6,-0.024291498,0.0005900769,,0.024291498
University of Freiburg,24.4,25.3,,,-0.9,-0.0368852459,0.0013605214,,0.0368852459
University of Innsbruck,24.5,25.2,,,-0.7,-0.0285714286,0.0008163265,,0.0285714286
Maastricht University,24.8,25.1,,,-0.3,-0.0120967742,0.0001463319,,0.0120967742
Macquarie University,24.3,25.1,,,-0.8,-0.0329218107,0.0010838456,,0.0329218107
Weizmann Institute of Science,24.1,25.1,,,-1,-0.0414937759,0.0017217334,,0.0414937759
Brandeis University,24.6,24.8,,,-0.2,-0.0081300813,6.60982219578289E-005,,0.0081300813
University of Wisconsin - Madison,24.5,24.6,,,-0.1,-0.0040816327,1.66597251145361E-005,,0.0040816327
University of Southampton,24.4,24.3,,,0.1,0.0040983607,1.67965600644981E-005,,0.0040983607
The Hong Kong University of Science and Technology,22.8,24.3,,,-1.5,-0.0657894737,0.0043282548,,0.0657894737
University of British Columbia,24.4,24.2,,,0.2,0.0081967213,6.71862402579947E-005,,0.0081967213
Swedish University of Agricultural Sciences,24,24.2,,,-0.2,-0.0083333333,6.9444444444444E-005,,0.0083333333
Tokyo Institute of Technology,24.4,24,,,0.4,0.0163934426,0.000268745,,0.0163934426
National Autonomous University of Mexico,23.2,24,,,-0.8,-0.0344827586,0.0011890606,,0.0344827586
University of Wollongong,21.7,24,,,-2.3,-0.1059907834,0.0112340462,,0.1059907834
University of Massachusetts Medical School - Worcester,24.4,23.9,,,0.5,0.0204918033,0.000419914,,0.0204918033
University of Vienna,24.2,23.9,,,0.3,0.0123966942,0.000153678,,0.0123966942
Pierre and Marie  Curie University - Paris 6,23.8,23.9,,,-0.1,-0.0042016807,1.76541204717173E-005,,0.0042016807
Duke University,23.7,23.9,,,-0.2,-0.0084388186,7.12136587797534E-005,,0.0084388186
James Cook University,23.5,23.9,,,-0.4,-0.0170212766,0.0002897239,,0.0170212766
The University of New South Wales,23.2,23.9,,,-0.7,-0.0301724138,0.0009103746,,0.0301724138
University of Tuebingen,23.5,23.7,,,-0.2,-0.0085106383,0.000072431,,0.0085106383
University of Liege,23.9,23.5,,,0.4,0.0167364017,0.0002801071,,0.0167364017
Kyoto University,23.8,23.5,,,0.3,0.012605042,0.0001588871,,0.012605042
Rensselaer Polytechnic Institute,23.8,23.5,,,0.3,0.012605042,0.0001588871,,0.012605042
Seoul National University,23.4,23.5,,,-0.1,-0.0042735043,1.82628387756598E-005,,0.0042735043
University of Exeter,22.7,23.5,,,-0.8,-0.0352422907,0.0012420191,,0.0352422907
Technical University of Denmark,22.6,23.4,,,-0.8,-0.0353982301,0.0012530347,,0.0353982301
New York University,23.4,23.3,,,0.1,0.0042735043,1.82628387756585E-005,,0.0042735043
University of Lisbon,22.8,23.3,,,-0.5,-0.0219298246,0.0004809172,,0.0219298246
Curtin University,21.4,23.3,,,-1.9,-0.0887850467,0.0078827845,,0.0887850467
Tokyo Medical and Dental University,24.5,23.2,,,1.3,0.0530612245,0.0028154935,,0.0530612245
University of East Anglia,23.5,23.2,,,0.3,0.0127659574,0.0001629697,,0.0127659574
University of Massachusetts Amherst,23.2,23.2,,,0,0,0,,0
Nagoya University,21.1,23.1,,,-2,-0.0947867299,0.0089845242,,0.0947867299
Shanghai Jiao Tong University,21.8,23,,,-1.2,-0.0550458716,0.003030048,,0.0550458716
"Rutgers, The State University of New Jersey - New Brunswick",24.5,22.9,,,1.6,0.0653061224,0.0042648896,,0.0653061224
Case Western Reserve University,23,22.9,,,0.1,0.0043478261,1.89035916824202E-005,,0.0043478261
The University of Glasgow,22.6,22.9,,,-0.3,-0.0132743363,0.000176208,,0.0132743363
Vienna University of Technology,22.2,22.9,,,-0.7,-0.0315315315,0.0009942375,,0.0315315315
University of Tasmania,22,22.9,,,-0.9,-0.0409090909,0.0016735537,,0.0409090909
Oregon State University,22.4,22.7,,,-0.3,-0.0133928571,0.0001793686,,0.0133928571
Swinburne University of Technology,22.4,22.6,,,-0.2,-0.0089285714,7.97193877551043E-005,,0.0089285714
University of Alberta,22.7,22.5,,,0.2,0.0088105727,7.76261910768688E-005,,0.0088105727
University of Liverpool,22.7,22.5,,,0.2,0.0088105727,7.76261910768688E-005,,0.0088105727
McMaster University,22.6,22.5,,,0.1,0.0044247788,1.95786670843454E-005,,0.0044247788
Eindhoven University of Technology,22.5,22.5,,,0,0,0,,0
The University of Hong Kong,22.4,22.5,,,-0.1,-0.0044642857,1.99298469387761E-005,,0.0044642857
Pennsylvania State University - University Park,22.6,22.4,,,0.2,0.0088495575,7.83146683373818E-005,,0.0088495575
The University of Texas Southwestern Medical Center at Dallas,22.2,22.4,,,-0.2,-0.009009009,8.11622433244049E-005,,0.009009009
Purdue University - West Lafayette,22.2,22.4,,,-0.2,-0.009009009,8.11622433244049E-005,,0.009009009
Oregon Health and Science University,22,22.4,,,-0.4,-0.0181818182,0.0003305785,,0.0181818182
University of Muenster,21.3,22.2,,,-0.9,-0.0422535211,0.00178536,,0.0422535211
University of Pisa,22.2,22.1,,,0.1,0.0045045045,2.02905608311005E-005,,0.0045045045
City University of Hong Kong,21.5,22.1,,,-0.6,-0.0279069767,0.0007787994,,0.0279069767
Flinders University,21.3,22.1,,,-0.8,-0.0375586854,0.0014106549,,0.0375586854
Korea University,21.2,22.1,,,-0.9,-0.0424528302,0.0018022428,,0.0424528302
University of Hamburg,20.8,22.1,,,-1.3,-0.0625,0.00390625,,0.0625
University of Padua,22,22,,,0,0,0,,0
The Chinese University of Hong Kong,21.7,22,,,-0.3,-0.0138248848,0.0001911274,,0.0138248848
University of Waterloo,21.3,22,,,-0.7,-0.0328638498,0.0010800326,,0.0328638498
Ecole Polytechnique,21.3,22,,,-0.7,-0.0328638498,0.0010800326,,0.0328638498
The University of Texas at Dallas,21.5,21.9,,,-0.4,-0.0186046512,0.000346133,,0.0186046512
University of Erlangen-Nuremberg,20.8,21.9,,,-1.1,-0.0528846154,0.0027967825,,0.0528846154
Boston University,21.9,21.8,,,0.1,0.00456621,2.08502741811046E-005,,0.00456621
UNESP,20.7,21.8,,,-1.1,-0.0531400966,0.0028238699,,0.0531400966
Osaka University,22.3,21.7,,,0.6,0.0269058296,0.0007239237,,0.0269058296
The University of Sheffield,21.6,21.7,,,-0.1,-0.0046296296,2.14334705075437E-005,,0.0046296296
Chang Gung University,21.6,21.7,,,-0.1,-0.0046296296,2.14334705075437E-005,,0.0046296296
University of Montreal,21.4,21.7,,,-0.3,-0.0140186916,0.0001965237,,0.0140186916
Delft University of Technology,21.3,21.7,,,-0.4,-0.0187793427,0.0003526637,,0.0187793427
University of Strasbourg,21.2,21.7,,,-0.5,-0.0235849057,0.0005562478,,0.0235849057
University of Buenos Aires,21.2,21.7,,,-0.5,-0.0235849057,0.0005562478,,0.0235849057
TU Dresden,20.6,21.7,,,-1.1,-0.0533980583,0.0028513526,,0.0533980583
Yeshiva University,21.9,21.6,,,0.3,0.0136986301,0.0001876525,,0.0136986301
Tohoku University,21.3,21.6,,,-0.3,-0.014084507,0.0001983733,,0.014084507
RWTH Aachen University,20.8,21.6,,,-0.8,-0.0384615385,0.0014792899,,0.0384615385
Hanyang University,20.8,21.6,,,-0.8,-0.0384615385,0.0014792899,,0.0384615385
London School of Hygiene & Tropical Medicine,20.8,21.6,,,-0.8,-0.0384615385,0.0014792899,,0.0384615385
University of Malaya,18.5,21.6,,,-3.1,-0.1675675676,0.0280788897,,0.1675675676
Fudan University,21.3,21.5,,,-0.2,-0.0093896714,8.81659282770167E-005,,0.0093896714
Icahn School of Medicine at Mount Sinai,20.8,21.5,,,-0.7,-0.0336538462,0.0011325814,,0.0336538462
University of Koeln,20.2,21.5,,,-1.3,-0.0643564356,0.0041417508,,0.0643564356
Medical University of Graz,22,21.4,,,0.6,0.0272727273,0.0007438017,,0.0272727273
University of Milan - Bicocca,21.5,21.4,,,0.1,0.0046511628,2.16333153055712E-005,,0.0046511628
Sungkyunkwan University,21.3,21.4,,,-0.1,-0.0046948357,2.20414820692534E-005,,0.0046948357
University of Ferrara,21.3,21.4,,,-0.1,-0.0046948357,2.20414820692534E-005,,0.0046948357
Durham University,21,21.4,,,-0.4,-0.019047619,0.0003628118,,0.019047619
Yonsei University,20.8,21.4,,,-0.6,-0.0288461538,0.0008321006,,0.0288461538
The University of Auckland,20.8,21.3,,,-0.5,-0.0240384615,0.0005778476,,0.0240384615
University of Lausanne,21.5,21.2,,,0.3,0.0139534884,0.0001946998,,0.0139534884
University of Aberdeen,21.2,21.2,,,0,0,0,,0
Lund University,20.9,21.2,,,-0.3,-0.014354067,0.0002060392,,0.014354067
University of Milan,20.8,21.2,,,-0.4,-0.0192307692,0.0003698225,,0.0192307692
National Tsing Hua University,20.8,21.1,,,-0.3,-0.0144230769,0.0002080251,,0.0144230769
University of Wuerzburg,20.7,21.1,,,-0.4,-0.0193236715,0.0003734043,,0.0193236715
University of Porto,20.3,21.1,,,-0.8,-0.039408867,0.0015530588,,0.039408867
University of Belgrade,20.9,21,,,-0.1,-0.004784689,2.28932487809352E-005,,0.004784689
Deakin University,19.9,21,,,-1.1,-0.0552763819,0.0030554784,,0.0552763819
University of Tehran,19.6,21,,,-1.4,-0.0714285714,0.0051020408,,0.0714285714
Texas A&M University,20.8,20.9,,,-0.1,-0.0048076923,2.31139053254428E-005,,0.0048076923
University of Rochester,21.5,20.8,,,0.7,0.0325581395,0.0010600324,,0.0325581395
University of St Andrews,20.4,20.8,,,-0.4,-0.0196078431,0.0003844675,,0.0196078431
University of Cape Town,19.1,20.8,,,-1.7,-0.0890052356,0.007921932,,0.0890052356
Northeastern University,20.2,20.7,,,-0.5,-0.0247524752,0.000612685,,0.0247524752
Dartmouth College,20.3,20.6,,,-0.3,-0.0147783251,0.0002183989,,0.0147783251
University of Birmingham,20.7,20.5,,,0.2,0.0096618357,9.33510700366396E-005,,0.0096618357
University of York,20.4,20.4,,,0,0,0,,0
Polytechnic Institute of Milan,20.3,20.4,,,-0.1,-0.0049261084,2.42665437161775E-005,,0.0049261084
Cardiff University,21.2,20.3,,,0.9,0.0424528302,0.0018022428,,0.0424528302
University of Arizona,20.5,20.3,,,0.2,0.0097560976,9.51814396192736E-005,,0.0097560976
Karlsruhe Institute of Technology (KIT),19.8,20.3,,,-0.5,-0.0252525253,0.00063769,,0.0252525253
University of Southern California,19.7,20.3,,,-0.6,-0.0304568528,0.0009276199,,0.0304568528
Autonomous University of Barcelona,20.3,20.2,,,0.1,0.0049261084,2.42665437161792E-005,,0.0049261084
The University of Dundee,20.3,20.2,,,0.1,0.0049261084,2.42665437161792E-005,,0.0049261084
University of Turin,20.1,20.2,,,-0.1,-0.0049751244,2.47518625776579E-005,,0.0049751244
University of Campinas,20,20.2,,,-0.2,-0.01,0.0001,,0.01
University of Houston,19.9,20.2,,,-0.3,-0.0150753769,0.000227267,,0.0150753769
Tsinghua University,19.5,20.2,,,-0.7,-0.0358974359,0.0012886259,,0.0358974359
Indiana University Bloomington,19.4,20.2,,,-0.8,-0.0412371134,0.0017004995,,0.0412371134
University of Twente,20.8,20.1,,,0.7,0.0336538462,0.0011325814,,0.0336538462
University of Mainz,20.1,20.1,,,0,0,0,,0
University of Trieste,20.1,20.1,,,0,0,0,,0
University of Nottingham,19.9,20.1,,,-0.2,-0.0100502513,0.0001010076,,0.0100502513
Colorado State University,19.5,20.1,,,-0.6,-0.0307692308,0.0009467456,,0.0307692308
University of Bergen,19.5,20.1,,,-0.6,-0.0307692308,0.0009467456,,0.0307692308
University of Leicester,20.4,20,,,0.4,0.0196078431,0.0003844675,,0.0196078431
University of Notre Dame,19.7,20,,,-0.3,-0.0152284264,0.000231905,,0.0152284264
Norwegian University of Science and Technology - NTNU,18,20,,,-2,-0.1111111111,0.012345679,,0.1111111111
Chalmers University of Technology,20,19.9,,,0.1,0.005,0.000025,,0.005
Baylor College of Medicine,19.9,19.9,,,0,0,0,,0
University of Arkansas at Little Rock,19.8,19.9,,,-0.1,-0.0050505051,2.55076012651759E-005,,0.0050505051
University of Victoria,19.5,19.9,,,-0.4,-0.0205128205,0.0004207758,,0.0205128205
University of Essex,19.3,19.9,,,-0.6,-0.0310880829,0.0009664689,,0.0310880829
Federal University of Rio de Janeiro,19.2,19.9,,,-0.7,-0.0364583333,0.0013292101,,0.0364583333
Zhejiang University,19,19.9,,,-0.9,-0.0473684211,0.0022437673,,0.0473684211
University of Leeds,20.1,19.8,,,0.3,0.0149253731,0.0002227668,,0.0149253731
Iowa State University,19.6,19.8,,,-0.2,-0.0102040816,0.0001041233,,0.0102040816
University of Southern Denmark,18,19.8,,,-1.8,-0.1,0.01,,0.1
University of Pavia,19.9,19.7,,,0.2,0.0100502513,0.0001010076,,0.0100502513
University of Gothenburg,19.7,19.7,,,0,0,0,,0
Medical University of South Carolina,19.7,19.7,,,0,0,0,,0
Charles University in Prague,19.3,19.7,,,-0.4,-0.0207253886,0.0004295417,,0.0207253886
National and Kapodistrian University of Athens,19.2,19.7,,,-0.5,-0.0260416667,0.0006781684,,0.0260416667
National Sun Yat-Sen University,19.9,19.6,,,0.3,0.0150753769,0.000227267,,0.0150753769
University of Parma,18.8,19.6,,,-0.8,-0.0425531915,0.0018107741,,0.0425531915
Griffith University,18.3,19.6,,,-1.3,-0.0710382514,0.0050464332,,0.0710382514
University Paris Diderot - Paris 7,19.4,19.5,,,-0.1,-0.0051546392,2.65703050271025E-005,,0.0051546392
Peking University,19,19.5,,,-0.5,-0.0263157895,0.0006925208,,0.0263157895
University of Ottawa,18.8,19.5,,,-0.7,-0.0372340426,0.0013863739,,0.0372340426
University of the Witwatersrand,18.3,19.5,,,-1.2,-0.0655737705,0.0042999194,,0.0655737705
National Taiwan University,19.9,19.4,,,0.5,0.0251256281,0.0006312972,,0.0251256281
Florida State University,19.1,19.4,,,-0.3,-0.0157068063,0.0002467038,,0.0157068063
University of Guelph,18.7,19.4,,,-0.7,-0.0374331551,0.0014012411,,0.0374331551
National Chiao Tung University,20.4,19.3,,,1.1,0.0539215686,0.0029075356,,0.0539215686
University of Roma - Tor Vergata,19.4,19.2,,,0.2,0.0103092784,0.0001062812,,0.0103092784
Lancaster University,18.5,19.2,,,-0.7,-0.0378378378,0.001431702,,0.0378378378
Drexel University,18.2,19.2,,,-1,-0.0549450549,0.0030189591,,0.0549450549
Arizona State University,19.1,19.1,,,0,0,0,,0
North Carolina State University - Raleigh,18.9,19.1,,,-0.2,-0.0105820106,0.0001119789,,0.0105820106
University of Virginia,18.8,19.1,,,-0.3,-0.0159574468,0.0002546401,,0.0159574468
"University of Technology, Sydney",18.6,19.1,,,-0.5,-0.0268817204,0.0007226269,,0.0268817204
University of Bath,18.6,19.1,,,-0.5,-0.0268817204,0.0007226269,,0.0268817204
City University of New York City College,18.4,19.1,,,-0.7,-0.0380434783,0.0014473062,,0.0380434783
University of Delaware,19.4,19,,,0.4,0.0206185567,0.0004251249,,0.0206185567
Queen's University,19.2,19,,,0.2,0.0104166667,0.0001085069,,0.0104166667
Vanderbilt University,18.9,19,,,-0.1,-0.0052910053,2.79947369894468E-005,,0.0052910053
Trinity College Dublin,18.3,19,,,-0.7,-0.0382513661,0.001463167,,0.0382513661
Federal University of Rio Grande do Sul,18.2,19,,,-0.8,-0.043956044,0.0019321338,,0.043956044
Nanjing University,17.8,19,,,-1.2,-0.0674157303,0.0045448807,,0.0674157303
The Hong Kong Polytechnic University,19,18.9,,,0.1,0.0052631579,2.77008310249315E-005,,0.0052631579
The Ohio State University - Columbus,18.8,18.9,,,-0.1,-0.0053191489,2.82933454051595E-005,,0.0053191489
Simon Fraser University,18.8,18.9,,,-0.1,-0.0053191489,2.82933454051595E-005,,0.0053191489
Michigan State University,18.5,18.9,,,-0.4,-0.0216216216,0.0004674945,,0.0216216216
Lanzhou University,17.5,18.9,,,-1.4,-0.08,0.0064,,0.08
Xian Jiao Tong University,17.4,18.9,,,-1.5,-0.0862068966,0.007431629,,0.0862068966
University of Kiel,18.2,18.8,,,-0.6,-0.032967033,0.0010868253,,0.032967033
University of Lorraine,18.2,18.8,,,-0.6,-0.032967033,0.0010868253,,0.032967033
Hokkaido University,19.1,18.7,,,0.4,0.0209424084,0.0004385845,,0.0209424084
University of Utah,18.7,18.7,,,0,0,0,,0
University of Hawaii at Manoa,18.7,18.7,,,0,0,0,,0
University of Barcelona,18.4,18.7,,,-0.3,-0.0163043478,0.0002658318,,0.0163043478
Newcastle University,18.8,18.6,,,0.2,0.0106382979,0.0001131734,,0.0106382979
University of Leipzig,18.5,18.6,,,-0.1,-0.0054054054,2.92184075967868E-005,,0.0054054054
University of Bologna,18.4,18.6,,,-0.2,-0.0108695652,0.0001181474,,0.0108695652
Indian Institute of Science,17.3,18.6,17.3,18.6,-1.3,-0.0751445087,0.0056466972,,0.0751445087
The University of Reading,19.7,18.5,,,1.2,0.0609137056,0.0037104795,,0.0609137056
University of Bochum,18.6,18.5,,,0.1,0.0053763441,2.89050757312992E-005,,0.0053763441
University of Florence,18.6,18.5,,,0.1,0.0053763441,2.89050757312992E-005,,0.0053763441
George Mason University,18.1,18.5,,,-0.4,-0.0220994475,0.0004883856,,0.0220994475
University of South Florida,18.1,18.5,,,-0.4,-0.0220994475,0.0004883856,,0.0220994475
University of Perugia,18.1,18.5,,,-0.4,-0.0220994475,0.0004883856,,0.0220994475
Medical University of Vienna,18,18.4,,,-0.4,-0.0222222222,0.0004938272,,0.0222222222
University of Pittsburgh-Pittsburgh Campus,18.5,18.3,,,0.2,0.0108108108,0.0001168736,,0.0108108108
University of Oregon,18.5,18.3,,,0.2,0.0108108108,0.0001168736,,0.0108108108
Federal University of Minas Gerais,17.9,18.3,,,-0.4,-0.0223463687,0.0004993602,,0.0223463687
Joseph Fourier University (Grenoble 1),20.2,18.2,,,2,0.099009901,0.0098029605,,0.099009901
The University of Georgia,18.3,18.1,,,0.2,0.0109289617,0.0001194422,,0.0109289617
Catholic University of the Sacred Heart,18,18.1,,,-0.1,-0.0055555556,3.08641975308651E-005,,0.0055555556
Kyung Hee University,18.1,18,,,0.1,0.0055248619,3.05240987759845E-005,,0.0055248619
The University of Calgary,18,18,,,0,0,0,,0
University of Surrey,18,18,,,0,0,0,,0
Emory University,17.9,18,,,-0.1,-0.0055865922,0.00003121,,0.0055865922
University College Dublin,17.9,18,,,-0.1,-0.0055865922,0.00003121,,0.0055865922
Dalhousie University,17.9,17.9,,,0,0,0,,0
Georgetown University,17.9,17.9,,,0,0,0,,0
Sun Yat-sen University,17,17.9,,,-0.9,-0.0529411765,0.0028027682,,0.0529411765
The George Washington University,17,17.9,,,-0.9,-0.0529411765,0.0028027682,,0.0529411765
University of Illinois at Chicago,17.4,17.8,,,-0.4,-0.0229885057,0.0005284714,,0.0229885057
Tianjin University,16.2,17.8,,,-1.6,-0.0987654321,0.0097546106,,0.0987654321
Queen's University Belfast,18,17.6,,,0.4,0.0222222222,0.0004938272,,0.0222222222
Kyushu University,18,17.5,,,0.5,0.0277777778,0.0007716049,,0.0277777778
University of Iowa,17.7,17.5,,,0.2,0.011299435,0.0001276772,,0.011299435
Linkoping University,17.7,17.5,,,0.2,0.011299435,0.0001276772,,0.011299435
University of Ulm,16.8,17.4,,,-0.6,-0.0357142857,0.0012755102,,0.0357142857
Virginia Polytechnic Institute and State University,16.7,17.4,,,-0.7,-0.0419161677,0.0017569651,,0.0419161677
Saint Petersburg State University,16,17.4,,,-1.4,-0.0875,0.00765625,,0.0875
University of Florida,17.5,17.3,,,0.2,0.0114285714,0.0001306122,,0.0114285714
State University of New York Health Science Center at Brooklyn,17.5,17.3,,,0.2,0.0114285714,0.0001306122,,0.0114285714
Autonomous University of Madrid,17.1,17.3,,,-0.2,-0.0116959064,0.0001367942,,0.0116959064
"University of Maryland, Baltimore County",16.8,17.3,,,-0.5,-0.0297619048,0.000885771,,0.0297619048
National Cheng Kung University,17.9,17.2,,,0.7,0.0391061453,0.0015292906,,0.0391061453
Istanbul University,16.9,17.2,,,-0.3,-0.0177514793,0.000315115,,0.0177514793
China Agricultural University,16.6,17.2,,,-0.6,-0.0361445783,0.0013064305,,0.0361445783
University of Marburg,16.6,17.1,,,-0.5,-0.0301204819,0.0009072434,,0.0301204819
Jagiellonian University,16.6,17.1,,,-0.5,-0.0301204819,0.0009072434,,0.0301204819
University of Turku,16.3,17.1,,,-0.8,-0.0490797546,0.0024088223,,0.0490797546
King Fahd University of Petroleum & Minerals,16.3,17.1,,,-0.8,-0.0490797546,0.0024088223,,0.0490797546
Peking Union Medical College,16.2,17.1,,,-0.9,-0.0555555556,0.0030864198,,0.0555555556
University of Jena,16.2,17.1,,,-0.9,-0.0555555556,0.0030864198,,0.0555555556
University of Chile,15.4,17.1,,,-1.7,-0.1103896104,0.0121858661,,0.1103896104
University of Duesseldorf,16.3,17,,,-0.7,-0.0429447853,0.0018442546,,0.0429447853
University of Giessen,16.3,17,,,-0.7,-0.0429447853,0.0018442546,,0.0429447853
University of Graz,16.3,17,,,-0.7,-0.0429447853,0.0018442546,,0.0429447853
Aalto University,15.5,17,,,-1.5,-0.0967741935,0.0093652445,,0.0967741935
Dalian University of Technology,16.7,16.9,,,-0.2,-0.0119760479,0.0001434257,,0.0119760479
University of Wyoming,16.5,16.9,,,-0.4,-0.0242424242,0.0005876951,,0.0242424242
Umea University,16.7,16.8,,,-0.1,-0.005988024,3.58564308508741E-005,,0.005988024
University of Quebec,16.7,16.8,,,-0.1,-0.005988024,3.58564308508741E-005,,0.005988024
The University of Texas Health Science Center at Houston,16.5,16.8,,,-0.3,-0.0181818182,0.0003305785,,0.0181818182
Hannover Medical School,16.1,16.8,,,-0.7,-0.0434782609,0.0018903592,,0.0434782609
Aristotle University of Thessaloniki,16,16.8,,,-0.8,-0.05,0.0025,,0.05
Huazhong University of Science and Technology,15.7,16.8,,,-1.1,-0.0700636943,0.0049089213,,0.0700636943
Aalborg University,15.2,16.8,,,-1.6,-0.1052631579,0.0110803324,,0.1052631579
Stony Brook University,16.8,16.7,,,0.1,0.005952381,3.54308390022686E-005,,0.005952381
University of Nebraska - Lincoln,16.8,16.7,,,0.1,0.005952381,3.54308390022686E-005,,0.005952381
University of Naples Federico II,16.8,16.6,,,0.2,0.0119047619,0.0001417234,,0.0119047619
University of Central Florida,16.6,16.6,,,0,0,0,,0
Rush University,16.3,16.6,,,-0.3,-0.018404908,0.0003387406,,0.018404908
Washington State University,16.1,16.6,,,-0.5,-0.0310559006,0.000964469,,0.0310559006
University of KwaZulu-Natal,15.2,16.6,,,-1.4,-0.0921052632,0.0084833795,,0.0921052632
"University of Maryland, Baltimore",16.8,16.5,,,0.3,0.0178571429,0.0003188776,,0.0178571429
Technical University of Berlin,15.9,16.5,,,-0.6,-0.0377358491,0.0014239943,,0.0377358491
Cairo University,15.3,16.5,,,-1.2,-0.0784313725,0.0061514802,,0.0784313725
Beihang University,15,16.5,,,-1.5,-0.1,0.01,,0.1
Ben-Gurion University of the Negev,16.2,16.4,,,-0.2,-0.012345679,0.0001524158,,0.012345679
Chiba University,15.7,16.4,,,-0.7,-0.0445859873,0.0019879103,,0.0445859873
Central South University,15.3,16.4,,,-1.1,-0.0718954248,0.0051689521,,0.0718954248
University of Coimbra,16.2,16.3,,,-0.1,-0.0061728395,3.81039475689692E-005,,0.0061728395
University of Stuttgart,15.7,16.3,,,-0.6,-0.0382165605,0.0014605055,,0.0382165605
San Diego State University,16.6,16.2,,,0.4,0.0240963855,0.0005806358,,0.0240963855
Southeast University,14.9,16.2,,,-1.3,-0.0872483221,0.0076122697,,0.0872483221
University of Auvergne,16.2,16.1,,,0.1,0.0061728395,3.81039475689665E-005,,0.0061728395
Laval University,16,16.1,,,-0.1,-0.00625,3.90625000000011E-005,,0.00625
University of South Carolina - Columbia,15.5,16.1,,,-0.6,-0.0387096774,0.0014984391,,0.0387096774
University of Duisburg-Essen,15.5,16.1,,,-0.6,-0.0387096774,0.0014984391,,0.0387096774
Beijing Normal University,15.4,16.1,,,-0.7,-0.0454545455,0.0020661157,,0.0454545455
The University of New Mexico - Albuquerque,15.3,16.1,,,-0.8,-0.0522875817,0.0027339912,,0.0522875817
University of Rhode Island,16.4,16,,,0.4,0.0243902439,0.000594884,,0.0243902439
University of Warsaw,15.6,16,,,-0.4,-0.0256410256,0.0006574622,,0.0256410256
University of Bordeaux,15.4,16,,,-0.6,-0.038961039,0.0015179626,,0.038961039
Carleton University,15.4,16,,,-0.6,-0.038961039,0.0015179626,,0.038961039
Ewha Womans University,15.8,15.9,,,-0.1,-0.0063291139,4.00576830636113E-005,,0.0063291139
East China University of Science and Technology,15.1,15.8,,,-0.7,-0.0463576159,0.0021490286,,0.0463576159
University of New Hampshire - Durham,15.1,15.8,,,-0.7,-0.0463576159,0.0021490286,,0.0463576159
University of Paris Descartes (Paris 5),16.3,15.7,,,0.6,0.036809816,0.0013549626,,0.036809816
University of Alaska - Fairbanks,16.2,15.7,,,0.5,0.0308641975,0.0009525987,,0.0308641975
University of Manitoba,15.9,15.7,,,0.2,0.0125786164,0.0001582216,,0.0125786164
"University of Science, Malaysia",15.1,15.7,,,-0.6,-0.0397350993,0.0015788781,,0.0397350993
University of Bremen,15,15.7,,,-0.7,-0.0466666667,0.0021777778,,0.0466666667
Stellenbosch University,14.6,15.7,,,-1.1,-0.0753424658,0.0056764871,,0.0753424658
Tongji University,14.4,15.7,,,-1.3,-0.0902777778,0.0081500772,,0.0902777778
University of Tsukuba,15.6,15.6,,,0,0,0,,0
University of Saskatchewan,15.5,15.6,,,-0.1,-0.0064516129,4.16233090530694E-005,,0.0064516129
Catholic University of Chile,14.7,15.6,,,-0.9,-0.0612244898,0.0037484382,,0.0612244898
Brunel University,16.1,15.5,,,0.6,0.0372670807,0.0013888353,,0.0372670807
University of Sao Paulo,15.4,15.5,,,-0.1,-0.0064935065,4.21656265812107E-005,,0.0064935065
Utah State University,14.7,15.5,,,-0.8,-0.0544217687,0.0029617289,,0.0544217687
South China University of Technology,14.2,15.5,,,-1.3,-0.0915492958,0.0083812736,,0.0915492958
King Abdullah University of Science and Technology,12.9,15.5,,,-2.6,-0.2015503876,0.0406225587,,0.2015503876
The University of Texas Health Science Center at San Antonio,15.6,15.4,,,0.2,0.0128205128,0.0001643655,,0.0128205128
University of Oulu,15,15.4,,,-0.4,-0.0266666667,0.0007111111,,0.0266666667
University of Eastern Finland,14.6,15.3,,,-0.7,-0.0479452055,0.0022987427,,0.0479452055
Soochow University,14.4,15.3,,,-0.9,-0.0625,0.00390625,,0.0625
Shandong University,14.3,15.3,,,-1,-0.0699300699,0.0048902147,,0.0699300699
University of Regensburg,15,15.2,,,-0.2,-0.0133333333,0.0001777778,,0.0133333333
Harbin Institute of Technology,14.7,15.2,,,-0.5,-0.0340136054,0.0011569254,,0.0340136054
Sichuan University,14.1,15.2,,,-1.1,-0.0780141844,0.006086213,,0.0780141844
Kobe University,15.4,15.1,,,0.3,0.0194805195,0.0003794906,,0.0194805195
University of Tennessee - Knoxville,14.6,15.1,,,-0.5,-0.0342465753,0.0011728279,,0.0342465753
University of Cincinnati,15.3,15,,,0.3,0.0196078431,0.0003844675,,0.0196078431
Tulane University,14.9,15,,,-0.1,-0.0067114094,0.000045043,,0.0067114094
Boston College,14.6,15,,,-0.4,-0.0273972603,0.0007506099,,0.0273972603
Technical University Darmstadt,14.3,15,,,-0.7,-0.048951049,0.0023962052,,0.048951049
University of Miami,15.3,14.8,,,0.5,0.0326797386,0.0010679653,,0.0326797386
University of Palermo,14.7,14.8,,,-0.1,-0.0068027211,0.000046277,,0.0068027211
Claude Bernard University Lyon 1,14.5,14.8,,,-0.3,-0.0206896552,0.0004280618,,0.0206896552
University of Vermont,14.2,14.8,,,-0.6,-0.0422535211,0.00178536,,0.0422535211
Polytechnic University of Valencia,15.2,14.7,,,0.5,0.0328947368,0.0010820637,,0.0328947368
University of Kansas,14.5,14.7,,,-0.2,-0.0137931034,0.0001902497,,0.0137931034
Bar-Ilan University,14.3,14.7,,,-0.4,-0.027972028,0.0007824343,,0.027972028
Xiamen University,13.8,14.7,,,-0.9,-0.0652173913,0.0042533081,,0.0652173913
Virginia Commonwealth University,14.6,14.6,,,0,0,0,,0
Louisiana State University - Baton Rouge,14.3,14.6,,,-0.3,-0.020979021,0.0004401193,,0.020979021
Indiana University-Purdue University at Indianapolis,13.6,14.5,,,-0.9,-0.0661764706,0.0043793253,,0.0661764706
Clemson University,14.5,14.4,,,0.1,0.0068965517,4.75624256837095E-005,,0.0068965517
University College Cork,14.1,14.4,,,-0.3,-0.0212765957,0.0004526935,,0.0212765957
University of Valencia,14.4,14.3,,,0.1,0.0069444444,4.8225308641975E-005,,0.0069444444
Kanazawa University,14.4,14.2,,,0.2,0.0138888889,0.0001929012,,0.0138888889
University of Ljubljana,14.2,14.2,,,0,0,0,,0
Nankai University,13.9,14.2,,,-0.3,-0.0215827338,0.0004658144,,0.0215827338
Wayne State University,13.9,14.2,,,-0.3,-0.0215827338,0.0004658144,,0.0215827338
University of Arkansas at Fayetteville,13.9,14.1,,,-0.2,-0.0143884892,0.0002070286,,0.0143884892
King Saud University,13.8,14.1,,,-0.3,-0.0217391304,0.0004725898,,0.0217391304
Hiroshima University,14.9,14,,,0.9,0.0604026846,0.0036484843,,0.0604026846
University of Oklahoma - Norman,14.2,14,,,0.2,0.014084507,0.0001983733,,0.014084507
Polytechnic University of Catalonia,14,14,,,0,0,0,,0
University of Halle-Wittenberg,13.6,14,,,-0.4,-0.0294117647,0.0008650519,,0.0294117647
Bielefeld University,13,14,,,-1,-0.0769230769,0.0059171598,,0.0769230769
Kansas State University,13.8,13.9,,,-0.1,-0.0072463768,0.00005251,,0.0072463768
Paul Sabatier University (Toulouse 3),14.3,13.8,,,0.5,0.034965035,0.0012225537,,0.034965035
The University of Texas Medical Branch at Galveston,14.2,13.8,,,0.4,0.0281690141,0.0007934934,,0.0281690141
University of Hannover,13,13.8,,,-0.8,-0.0615384615,0.0037869822,,0.0615384615
University of Missouri - Columbia,13.5,13.7,,,-0.2,-0.0148148148,0.0002194787,,0.0148148148
Eotvos Lorand University,13.4,13.7,,,-0.3,-0.0223880597,0.0005012252,,0.0223880597
Oklahoma State University,13.7,13.6,,,0.1,0.0072992701,5.32793435984865E-005,,0.0072992701
University of Kentucky,13.5,13.6,,,-0.1,-0.0074074074,5.48696844993137E-005,,0.0074074074
MINES ParisTech,13.1,13.6,,,-0.5,-0.0381679389,0.0014567916,,0.0381679389
University of Rostock,13.4,13.5,,,-0.1,-0.0074626866,5.56916907997323E-005,,0.0074626866
University of Konstanz,13.3,13.5,,,-0.2,-0.015037594,0.0002261292,,0.015037594
University of the Basque Country,12.9,13.5,,,-0.6,-0.0465116279,0.0021633315,,0.0465116279
Jilin University,12.8,13.5,,,-0.7,-0.0546875,0.0029907227,,0.0546875
Keio University,13.5,13.4,,,0.1,0.0074074074,5.48696844993137E-005,,0.0074074074
Syracuse University,13.1,13.4,,,-0.3,-0.0229007634,0.000524445,,0.0229007634
University of Connecticut,13,13.4,,,-0.4,-0.0307692308,0.0009467456,,0.0307692308
King Abdulaziz University,12.2,13.4,,,-1.2,-0.0983606557,0.0096748186,,0.0983606557
University of Granada,13.3,13.3,,,0,0,0,,0
Auburn University,13.1,13.3,,,-0.2,-0.0152671756,0.0002330866,,0.0152671756
University of Santiago Compostela,13.2,13.2,,,0,0,0,,0
University of Zaragoza,13,13.1,,,-0.1,-0.0076923077,5.91715976331357E-005,,0.0076923077
University of Bayreuth,13.2,13,,,0.2,0.0151515152,0.0002295684,,0.0151515152
Wuhan University,12,13,,,-1,-0.0833333333,0.0069444444,,0.0833333333
Brigham Young University,12.5,12.9,,,-0.4,-0.032,0.001024,,0.032
University of Szeged,12.3,12.8,,,-0.5,-0.0406504065,0.0016524555,,0.0406504065
University of Nice Sophia Antipolis,12.1,12.7,,,-0.6,-0.0495867769,0.0024588484,,0.0495867769
Temple University,12.2,12.6,,,-0.4,-0.0327868852,0.0010749798,,0.0327868852
Technical University of Braunschweig,11.8,12.6,,,-0.8,-0.0677966102,0.0045963804,,0.0677966102
Complutense University of Madrid,12.1,12.4,,,-0.3,-0.0247933884,0.0006147121,,0.0247933884
University of Colorado at Denver,12.1,12.3,,,-0.2,-0.0165289256,0.0002732054,,0.0165289256
Wake Forest University,12,11.9,,,0.1,0.0083333333,6.9444444444444E-005,,0.0083333333
Saint Louis University,11.5,11.8,,,-0.3,-0.0260869565,0.0006805293,,0.0260869565
Okayama University,12.2,11.7,,,0.5,0.0409836066,0.001679656,,0.0409836066
University of Rennes 1,11.1,11.2,,,-0.1,-0.009009009,8.11622433244049E-005,,0.009009009
,,,,,,,,,
,,,,,,,0.7380579544,,13.2392145776
,,,,,,,0.0015636821,,0.0280491834
,,,,,,,0.0395434205,,
